timestamp,value
2018-10-19T00:00:00Z,1241.06877392
2018-10-20T00:00:00Z,55482.91452597
2018-10-21T00:00:00Z,55482.91452597
2018-10-22T00:00:00Z,55482.91452597
2018-10-23T00:00:00Z,55482.91453485
2018-10-24T00:00:00Z,55482.91463485
2018-10-25T00:00:00Z,55482.91464262
2018-10-26T00:00:00Z,55482.91464262
2018-10-27T00:00:00Z,55482.91464262
2018-10-28T00:00:00Z,55482.91464817
2018-10-29T00:00:00Z,57679.15439825
2018-10-30T00:00:00Z,57679.15439825
2018-10-31T00:00:00Z,57679.15439825
2018-11-01T00:00:00Z,57679.15439825
2018-11-02T00:00:00Z,57679.15439825
2018-11-03T00:00:00Z,57679.15439825
2018-11-04T00:00:00Z,57679.15439825
2018-11-05T00:00:00Z,57679.15439825
2018-11-06T00:00:00Z,57679.15539825
2018-11-07T00:00:00Z,57679.15549825
2018-11-08T00:00:00Z,57679.15549825
2018-11-09T00:00:00Z,57679.15549825
2018-11-10T00:00:00Z,57679.15550491
2018-11-11T00:00:00Z,57679.15550491
2018-11-12T00:00:00Z,57679.15550491
2018-11-13T00:00:00Z,57679.15551491
2018-11-14T00:00:00Z,57561.37397209
2018-11-15T00:00:00Z,141096.40389792
2018-11-16T00:00:00Z,141096.40391592
2018-11-17T00:00:00Z,141096.40392369
2018-11-18T00:00:00Z,141096.40393146
2018-11-19T00:00:00Z,141096.40393146
2018-11-20T00:00:00Z,38261.28732883
2018-11-21T00:00:00Z,43327.98018585
2018-11-22T00:00:00Z,43327.98018585
2018-11-23T00:00:00Z,34439.98018585
2018-11-24T00:00:00Z,34439.98018585
2018-11-25T00:00:00Z,34439.98018585
2018-11-26T00:00:00Z,34439.98018585
2018-11-27T00:00:00Z,34439.98018585
2018-11-28T00:00:00Z,34439.98018585
2018-11-29T00:00:00Z,40870.32535641
2018-11-30T00:00:00Z,40870.32535641
2018-12-01T00:00:00Z,40870.32535641
2018-12-02T00:00:00Z,40870.32535641
2018-12-03T00:00:00Z,40870.32535641
2018-12-04T00:00:00Z,40870.32536418
2018-12-05T00:00:00Z,40870.32536418
2018-12-06T00:00:00Z,47274.9341951
2018-12-07T00:00:00Z,47274.9341951
2018-12-08T00:00:00Z,53574.04616653
2018-12-09T00:00:00Z,53574.04617541
2018-12-10T00:00:00Z,53574.04617541
2018-12-11T00:00:00Z,41454.93790125
2018-12-12T00:00:00Z,41454.93790125
2018-12-13T00:00:00Z,41454.93790125
2018-12-14T00:00:00Z,41454.93790125
2018-12-15T00:00:00Z,41454.93790125
2018-12-16T00:00:00Z,41454.93790125
2018-12-17T00:00:00Z,41454.93790125
2018-12-18T00:00:00Z,41454.93790125
2018-12-19T00:00:00Z,47683.16581584
2018-12-20T00:00:00Z,47683.16581584
2018-12-21T00:00:00Z,47683.16581584
2018-12-22T00:00:00Z,47683.16581584
2018-12-23T00:00:00Z,54507.64356148
2018-12-24T00:00:00Z,54507.64356148
2018-12-25T00:00:00Z,54507.64356148
2018-12-26T00:00:00Z,54507.64356148
2018-12-27T00:00:00Z,54507.64356148
2018-12-28T00:00:00Z,64507.64356148
2018-12-29T00:00:00Z,64507.64356148
2018-12-30T00:00:00Z,64507.64356148
2018-12-31T00:00:00Z,64507.64358167
2019-01-01T00:00:00Z,64507.64358167
2019-01-02T00:00:00Z,64507.64358167
2019-01-03T00:00:00Z,64507.64358167
2019-01-04T00:00:00Z,64507.64358167
2019-01-05T00:00:00Z,71610.30953042
2019-01-06T00:00:00Z,71610.30953042
2019-01-07T00:00:00Z,61610.30953042
2019-01-08T00:00:00Z,61610.30953042
2019-01-09T00:00:00Z,61610.30953042
2019-01-10T00:00:00Z,61610.30953042
2019-01-11T00:00:00Z,67716.72641698
2019-01-12T00:00:00Z,67716.72641698
2019-01-13T00:00:00Z,67716.72641698
2019-01-14T00:00:00Z,67716.72641698
2019-01-15T00:00:00Z,65908.84288144
2019-01-16T00:00:00Z,65908.84288144
2019-01-17T00:00:00Z,72227.23988845
2019-01-18T00:00:00Z,72227.23988845
2019-01-19T00:00:00Z,72227.23988845
2019-01-20T00:00:00Z,72227.23988845
2019-01-21T00:00:00Z,72227.23988845
2019-01-22T00:00:00Z,72227.23988845
2019-01-23T00:00:00Z,72227.23989391
2019-01-24T00:00:00Z,72227.23989391
2019-01-25T00:00:00Z,72227.23989391
2019-01-26T00:00:00Z,72227.23989391
2019-01-27T00:00:00Z,72227.23989391
2019-01-28T00:00:00Z,72227.23989391
2019-01-29T00:00:00Z,72227.23989391
2019-01-30T00:00:00Z,72227.23989391
2019-01-31T00:00:00Z,72227.23989391
2019-02-01T00:00:00Z,72227.23989391
2019-02-02T00:00:00Z,72227.23989391
2019-02-03T00:00:00Z,72227.23989391
2019-02-04T00:00:00Z,72227.23989391
2019-02-05T00:00:00Z,78324.25877698
2019-02-06T00:00:00Z,75091.14797188
2019-02-07T00:00:00Z,75091.14797188
2019-02-08T00:00:00Z,75091.14797188
2019-02-09T00:00:00Z,75091.14797188
2019-02-10T00:00:00Z,75091.14797188
2019-02-11T00:00:00Z,75091.14797188
2019-02-12T00:00:00Z,75091.14797188
2019-02-13T00:00:00Z,75091.14797188
2019-02-14T00:00:00Z,75091.14797188
2019-02-15T00:00:00Z,75091.14797188
2019-02-16T00:00:00Z,75091.14797188
2019-02-17T00:00:00Z,75091.14797188
2019-02-18T00:00:00Z,81985.48740884
2019-02-19T00:00:00Z,81985.48740884
2019-02-20T00:00:00Z,81985.48740884
2019-02-21T00:00:00Z,81985.48740884
2019-02-22T00:00:00Z,81985.48740884
2019-02-23T00:00:00Z,77607.11152678
2019-02-24T00:00:00Z,77607.11152678
2019-02-25T00:00:00Z,77607.11152678
2019-02-26T00:00:00Z,77607.11152678
2019-02-27T00:00:00Z,83664.30121595
2019-02-28T00:00:00Z,83664.30121595
2019-03-01T00:00:00Z,83664.30121595
2019-03-02T00:00:00Z,83664.30121595
2019-03-03T00:00:00Z,83664.30121595
2019-03-04T00:00:00Z,83664.30121595
2019-03-05T00:00:00Z,83664.30121595
2019-03-06T00:00:00Z,83664.30121595
2019-03-07T00:00:00Z,83664.30121595
2019-03-08T00:00:00Z,90159.65976288
2019-03-09T00:00:00Z,90159.65976288
2019-03-10T00:00:00Z,90159.65976288
2019-03-11T00:00:00Z,90159.65976288
2019-03-12T00:00:00Z,90159.65976288
2019-03-13T00:00:00Z,96216.12855363
2019-03-14T00:00:00Z,96216.12856363
2019-03-15T00:00:00Z,96216.12856363
2019-03-16T00:00:00Z,96216.12856363
2019-03-17T00:00:00Z,96216.12856363
2019-03-18T00:00:00Z,96216.12856363
2019-03-19T00:00:00Z,96216.12856363
2019-03-20T00:00:00Z,96216.12856363
2019-03-21T00:00:00Z,96216.12856909
2019-03-22T00:00:00Z,96216.12856909
2019-03-23T00:00:00Z,96216.12856909
2019-03-24T00:00:00Z,96216.12856909
2019-03-25T00:00:00Z,96216.12856909
2019-03-26T00:00:00Z,96216.12856909
2019-03-27T00:00:00Z,96216.12856909
2019-03-28T00:00:00Z,102241.79235967
2019-03-29T00:00:00Z,102241.79235967
2019-03-30T00:00:00Z,102241.79235967
2019-03-31T00:00:00Z,102241.79238805
2019-04-01T00:00:00Z,102241.79238805
2019-04-02T00:00:00Z,91768.4384839
2019-04-03T00:00:00Z,91768.4384839
2019-04-04T00:00:00Z,91768.4384839
2019-04-05T00:00:00Z,91768.4384839
2019-04-06T00:00:00Z,91768.4384839
2019-04-07T00:00:00Z,91768.4384839
2019-04-08T00:00:00Z,91768.4384839
2019-04-09T00:00:00Z,80879.4384839
2019-04-10T00:00:00Z,80879.4384839
2019-04-11T00:00:00Z,80879.4384839
2019-04-12T00:00:00Z,80879.4384839
2019-04-13T00:00:00Z,80879.4384839
2019-04-14T00:00:00Z,80879.4384839
2019-04-15T00:00:00Z,80879.4384839
2019-04-16T00:00:00Z,80879.4384839
2019-04-17T00:00:00Z,80879.43850612
2019-04-18T00:00:00Z,80879.44181505
2019-04-19T00:00:00Z,80879.44181505
2019-04-20T00:00:00Z,80879.44183505
2019-04-21T00:00:00Z,80879.44183505
2019-04-22T00:00:00Z,80879.44183505
2019-04-23T00:00:00Z,80879.44183505
2019-04-24T00:00:00Z,80879.44183505
2019-04-25T00:00:00Z,80879.44183505
2019-04-26T00:00:00Z,80879.44183505
2019-04-27T00:00:00Z,80879.44183505
2019-04-28T00:00:00Z,80879.44183505
2019-04-29T00:00:00Z,80879.44183505
2019-04-30T00:00:00Z,80879.44183505
2019-05-01T00:00:00Z,80879.44183505
2019-05-02T00:00:00Z,80879.44183505
2019-05-03T00:00:00Z,80879.44183505
2019-05-04T00:00:00Z,80879.44183505
2019-05-05T00:00:00Z,80879.44183505
2019-05-06T00:00:00Z,80879.44183505
2019-05-07T00:00:00Z,80879.44183505
2019-05-08T00:00:00Z,80879.44183505
2019-05-09T00:00:00Z,80879.44183505
2019-05-10T00:00:00Z,80879.44183505
2019-05-11T00:00:00Z,80879.44183505
2019-05-12T00:00:00Z,80879.44183505
2019-05-13T00:00:00Z,80879.44183505
2019-05-14T00:00:00Z,80879.44183505
2019-05-15T00:00:00Z,88304.91086963
2019-05-16T00:00:00Z,87727.14059079
2019-05-17T00:00:00Z,87727.14059079
2019-05-18T00:00:00Z,87727.14059079
2019-05-19T00:00:00Z,87727.14059079
2019-05-20T00:00:00Z,87727.14059079
2019-05-21T00:00:00Z,89303.07606923
2019-05-22T00:00:00Z,89303.07606923
2019-05-23T00:00:00Z,92968.60955123
2019-05-24T00:00:00Z,92968.60955123
2019-05-25T00:00:00Z,92698.55877508
2019-05-26T00:00:00Z,92698.55877508
2019-05-27T00:00:00Z,92698.55877508
2019-05-28T00:00:00Z,92698.55877508
2019-05-29T00:00:00Z,72061.48270585
2019-05-30T00:00:00Z,72061.48270585
2019-05-31T00:00:00Z,10948.81616703
2019-06-01T00:00:00Z,14430.76468508
2019-06-02T00:00:00Z,16428.02588744
2019-06-03T00:00:00Z,16428.02588744
2019-06-04T00:00:00Z,18587.59876443
2019-06-05T00:00:00Z,18587.59876443
2019-06-06T00:00:00Z,18587.59876443
2019-06-07T00:00:00Z,20087.64464801
2019-06-08T00:00:00Z,20087.64464801
2019-06-09T00:00:00Z,20087.64464801
2019-06-10T00:00:00Z,20087.64464801
2019-06-11T00:00:00Z,21676.25009841
2019-06-12T00:00:00Z,21676.25009841
2019-06-13T00:00:00Z,26734.2525927
2019-06-14T00:00:00Z,31762.29331188
2019-06-15T00:00:00Z,31762.29331188
2019-06-16T00:00:00Z,31762.29331188
2019-06-17T00:00:00Z,42382.06987996
2019-06-18T00:00:00Z,42382.07240773
2019-06-19T00:00:00Z,47231.79509813
2019-06-20T00:00:00Z,48943.74643261
2019-06-21T00:00:00Z,48943.74643261
2019-06-22T00:00:00Z,48943.74643261
2019-06-23T00:00:00Z,48943.74643261
2019-06-24T00:00:00Z,51055.27663725
2019-06-25T00:00:00Z,52098.19704738
2019-06-26T00:00:00Z,56657.04425753
2019-06-27T00:00:00Z,60512.16404742
2019-06-28T00:00:00Z,61668.06028417
2019-06-29T00:00:00Z,62703.15882265
2019-06-30T00:00:00Z,62703.15882265
2019-07-01T00:00:00Z,64439.81145781
2019-07-02T00:00:00Z,67182.40619404
2019-07-03T00:00:00Z,69590.93894484
2019-07-04T00:00:00Z,70607.88348984
2019-07-05T00:00:00Z,70607.88348984
2019-07-06T00:00:00Z,70607.88348984
2019-07-07T00:00:00Z,70607.88348984
2019-07-08T00:00:00Z,70607.88348984
2019-07-09T00:00:00Z,75238.45449827
2019-07-10T00:00:00Z,172112.06103645
2019-07-11T00:00:00Z,174205.35265098
2019-07-12T00:00:00Z,174205.35265098
2019-07-13T00:00:00Z,174205.35265098
2019-07-14T00:00:00Z,174205.35265098
2019-07-15T00:00:00Z,174205.35265098
2019-07-16T00:00:00Z,174205.35265098
2019-07-17T00:00:00Z,174205.35265098
2019-07-18T00:00:00Z,176581.46599276
2019-07-19T00:00:00Z,178480.77246189
2019-07-20T00:00:00Z,179756.2450407
2019-07-21T00:00:00Z,179756.2450657
2019-07-22T00:00:00Z,179756.2450657
2019-07-23T00:00:00Z,179756.2450657
2019-07-24T00:00:00Z,179756.2450657
2019-07-25T00:00:00Z,179756.2450657
2019-07-26T00:00:00Z,179756.2450657
2019-07-27T00:00:00Z,182111.91970533
2019-07-28T00:00:00Z,182111.91970533
2019-07-29T00:00:00Z,182604.43643517
2019-07-30T00:00:00Z,179669.90857194
2019-07-31T00:00:00Z,179669.91035521
2019-08-01T00:00:00Z,179669.92255275
2019-08-02T00:00:00Z,179669.92257275
2019-08-03T00:00:00Z,179669.92257924
2019-08-04T00:00:00Z,179669.92257924
2019-08-05T00:00:00Z,179669.92257924
2019-08-06T00:00:00Z,180966.16135538
2019-08-07T00:00:00Z,180966.16135538
2019-08-08T00:00:00Z,177966.15977807
2019-08-09T00:00:00Z,179187.4816298
2019-08-10T00:00:00Z,183086.55813818
2019-08-11T00:00:00Z,183086.55813818
2019-08-12T00:00:00Z,183086.55813818
2019-08-13T00:00:00Z,184166.6663643
2019-08-14T00:00:00Z,185636.78553707
2019-08-15T00:00:00Z,185636.78553707
2019-08-16T00:00:00Z,185636.78563707
2019-08-17T00:00:00Z,185636.78563707
2019-08-18T00:00:00Z,185636.78563707
2019-08-19T00:00:00Z,183214.86197948
2019-08-20T00:00:00Z,184320.07039749
2019-08-21T00:00:00Z,184320.07049587
2019-08-22T00:00:00Z,184320.07049587
2019-08-23T00:00:00Z,184320.07049587
2019-08-24T00:00:00Z,185387.47664396
2019-08-25T00:00:00Z,185387.47664396
2019-08-26T00:00:00Z,183143.79004339
2019-08-27T00:00:00Z,184307.52733223
2019-08-28T00:00:00Z,184307.52733223
2019-08-29T00:00:00Z,180707.52690254
2019-08-30T00:00:00Z,180707.52690254
2019-08-31T00:00:00Z,180707.52690254
2019-09-01T00:00:00Z,177707.52650324
2019-09-02T00:00:00Z,177707.52650324
2019-09-03T00:00:00Z,177707.52650324
2019-09-04T00:00:00Z,177707.52650324
2019-09-05T00:00:00Z,177707.52650324
2019-09-06T00:00:00Z,178758.55821603
2019-09-07T00:00:00Z,178758.55821603
2019-09-08T00:00:00Z,175458.55828991
2019-09-09T00:00:00Z,175458.55828991
2019-09-10T00:00:00Z,176495.48854109
2019-09-11T00:00:00Z,176495.48855119
2019-09-12T00:00:00Z,174361.69921189
2019-09-13T00:00:00Z,174361.69921189
2019-09-14T00:00:00Z,172761.69899042
2019-09-15T00:00:00Z,172761.69899042
2019-09-16T00:00:00Z,172761.69899042
2019-09-17T00:00:00Z,170791.7629183
2019-09-18T00:00:00Z,173270.62895111
2019-09-19T00:00:00Z,177356.94406173
2019-09-20T00:00:00Z,177356.94416035
2019-09-21T00:00:00Z,177356.94416035
2019-09-22T00:00:00Z,177356.94436042
2019-09-23T00:00:00Z,177356.94436042
2019-09-24T00:00:00Z,181791.55886249
2019-09-25T00:00:00Z,184197.33998652
2019-09-26T00:00:00Z,184197.33998652
2019-09-27T00:00:00Z,184197.33999652
2019-09-28T00:00:00Z,181197.33962622
2019-09-29T00:00:00Z,181197.33962622
2019-09-30T00:00:00Z,181197.33972732
2019-10-01T00:00:00Z,181197.3400909
2019-10-02T00:00:00Z,176098.23922582
2019-10-03T00:00:00Z,177598.03092675
2019-10-04T00:00:00Z,177598.03098875
2019-10-05T00:00:00Z,177598.03098875
2019-10-06T00:00:00Z,177598.03098875
2019-10-07T00:00:00Z,177598.03098875
2019-10-08T00:00:00Z,178633.92897531
2019-10-09T00:00:00Z,178633.92897531
2019-10-10T00:00:00Z,180929.24850294
2019-10-11T00:00:00Z,180929.24850294
2019-10-12T00:00:00Z,180929.24850294
2019-10-13T00:00:00Z,180929.24850294
2019-10-14T00:00:00Z,180929.24860294
2019-10-15T00:00:00Z,180929.24860844
2019-10-16T00:00:00Z,180929.24860844
2019-10-17T00:00:00Z,180929.24860844
2019-10-18T00:00:00Z,180929.24860844
2019-10-19T00:00:00Z,180929.24860844
2019-10-20T00:00:00Z,180929.24860844
2019-10-21T00:00:00Z,180929.25127791
2019-10-22T00:00:00Z,182615.32383348
2019-10-23T00:00:00Z,185874.24523256
2019-10-24T00:00:00Z,186954.6036171
2019-10-25T00:00:00Z,182754.60296969
2019-10-26T00:00:00Z,184270.99829535
2019-10-27T00:00:00Z,185636.62906857
2019-10-28T00:00:00Z,186647.19485396
2019-10-29T00:00:00Z,189482.97674103
2019-10-30T00:00:00Z,189482.97674103
2019-10-31T00:00:00Z,190807.44509888
2019-11-01T00:00:00Z,190807.44545143
2019-11-02T00:00:00Z,190807.44545143
2019-11-03T00:00:00Z,190807.44545143
2019-11-04T00:00:00Z,188850.36089624
2019-11-05T00:00:00Z,99166.05468121
2019-11-06T00:00:00Z,99166.05468121
2019-11-07T00:00:00Z,100355.78968323
2019-11-08T00:00:00Z,97055.7889605
2019-11-09T00:00:00Z,98084.86817255
2019-11-10T00:00:00Z,98084.86817255
2019-11-11T00:00:00Z,99104.67436446
2019-11-12T00:00:00Z,99104.67436446
2019-11-13T00:00:00Z,101135.08190437
2019-11-14T00:00:00Z,101135.08240437
2019-11-15T00:00:00Z,102191.40010126
2019-11-16T00:00:00Z,102191.40016011
2019-11-17T00:00:00Z,102191.40016011
2019-11-18T00:00:00Z,98991.39970991
2019-11-19T00:00:00Z,100712.0631124
2019-11-20T00:00:00Z,101742.48654801
2019-11-21T00:00:00Z,101742.48654801
2019-11-22T00:00:00Z,107260.49501422
2019-11-23T00:00:00Z,108266.72343199
2019-11-24T00:00:00Z,109688.92273855
2019-11-25T00:00:00Z,109869.61655821
2019-11-26T00:00:00Z,105469.61569385
2019-11-27T00:00:00Z,105469.61569385
2019-11-28T00:00:00Z,105469.61569385
2019-11-29T00:00:00Z,105469.61569385
2019-11-30T00:00:00Z,105469.61569385
2019-12-01T00:00:00Z,101069.61546424
2019-12-02T00:00:00Z,101069.61546424
2019-12-03T00:00:00Z,99502.0275612
2019-12-04T00:00:00Z,96502.02723162
2019-12-05T00:00:00Z,96502.02723162
2019-12-06T00:00:00Z,94210.66442054
2019-12-07T00:00:00Z,95454.87046333
2019-12-08T00:00:00Z,95454.87046333
2019-12-09T00:00:00Z,91454.87036077
2019-12-10T00:00:00Z,92956.03310725
2019-12-11T00:00:00Z,92956.03310725
2019-12-12T00:00:00Z,89956.03275563
2019-12-13T00:00:00Z,91707.13158296
2019-12-14T00:00:00Z,91707.13158296
2019-12-15T00:00:00Z,91707.13158296
2019-12-16T00:00:00Z,91707.13158296
2019-12-17T00:00:00Z,88707.1313537
2019-12-18T00:00:00Z,89061.29265653
2019-12-19T00:00:00Z,90859.04767138
2019-12-20T00:00:00Z,90859.04767915
2019-12-21T00:00:00Z,90859.04767915
2019-12-22T00:00:00Z,90859.04767915
2019-12-23T00:00:00Z,94251.66131954
2019-12-24T00:00:00Z,94251.66131954
2019-12-25T00:00:00Z,99790.01382372
2019-12-26T00:00:00Z,99790.01382372
2019-12-27T00:00:00Z,96790.01367617
2019-12-28T00:00:00Z,96790.01367617
2019-12-29T00:00:00Z,98058.90956311
2019-12-30T00:00:00Z,98058.90956311
2019-12-31T00:00:00Z,96058.90949392
2020-01-01T00:00:00Z,96058.90949392
2020-01-02T00:00:00Z,96058.90949392
2020-01-03T00:00:00Z,97160.53010154
2020-01-04T00:00:00Z,97160.53010154
2020-01-05T00:00:00Z,98533.33818556
2020-01-06T00:00:00Z,99555.65450748
2020-01-07T00:00:00Z,100780.65389284
2020-01-08T00:00:00Z,100780.65389284
2020-01-09T00:00:00Z,97780.65328876
2020-01-10T00:00:00Z,97780.65328876
2020-01-11T00:00:00Z,97780.65328876
2020-01-12T00:00:00Z,95780.65297537
2020-01-13T00:00:00Z,94280.6528807
2020-01-14T00:00:00Z,96966.06751713
2020-01-15T00:00:00Z,96966.06751713
2020-01-16T00:00:00Z,96966.06751713
2020-01-17T00:00:00Z,96966.06751713
2020-01-18T00:00:00Z,96966.06751713
2020-01-19T00:00:00Z,96966.06751713
2020-01-20T00:00:00Z,96966.06751713
2020-01-21T00:00:00Z,94966.0672827
2020-01-22T00:00:00Z,94966.0672827
2020-01-23T00:00:00Z,94966.0672827
2020-01-24T00:00:00Z,94966.0672827
2020-01-25T00:00:00Z,94966.0672827
2020-01-26T00:00:00Z,94966.0669505
2020-01-27T00:00:00Z,93466.06672926
2020-01-28T00:00:00Z,94665.86424035
2020-01-29T00:00:00Z,94665.86424035
2020-01-30T00:00:00Z,94665.86424587
2020-01-31T00:00:00Z,94665.86424587
2020-02-01T00:00:00Z,94665.86424587
2020-02-02T00:00:00Z,95686.83760673
2020-02-03T00:00:00Z,96862.63675829
2020-02-04T00:00:00Z,96862.63675829
2020-02-05T00:00:00Z,97929.27461585
2020-02-06T00:00:00Z,99157.74513734
2020-02-07T00:00:00Z,102193.79620978
2020-02-08T00:00:00Z,102193.79620978
2020-02-09T00:00:00Z,102193.79620978
2020-02-10T00:00:00Z,100693.79609128
2020-02-11T00:00:00Z,103556.92025873
2020-02-12T00:00:00Z,105032.55528582
2020-02-13T00:00:00Z,105032.55528582
2020-02-14T00:00:00Z,105032.55528582
2020-02-15T00:00:00Z,105032.55528582
2020-02-16T00:00:00Z,105032.55528582
2020-02-17T00:00:00Z,106242.02606245
2020-02-18T00:00:00Z,106242.02606245
2020-02-19T00:00:00Z,106242.02606245
2020-02-20T00:00:00Z,103307.32229327
2020-02-21T00:00:00Z,103307.32229327
2020-02-22T00:00:00Z,101807.32209878
2020-02-23T00:00:00Z,101807.32209878
2020-02-24T00:00:00Z,99307.32184612
2020-02-25T00:00:00Z,99307.32184612
2020-02-26T00:00:00Z,101993.36300533
2020-02-27T00:00:00Z,103080.53093522
2020-02-28T00:00:00Z,107534.00378785
2020-02-29T00:00:00Z,107534.00378785
2020-03-01T00:00:00Z,108628.22225838
2020-03-02T00:00:00Z,108628.22225838
2020-03-03T00:00:00Z,108628.22225838
2020-03-04T00:00:00Z,109684.31038694
2020-03-05T00:00:00Z,111879.61792457
2020-03-06T00:00:00Z,111879.61792457
2020-03-07T00:00:00Z,111879.61793057
2020-03-08T00:00:00Z,111879.61793657
2020-03-09T00:00:00Z,111879.61794257
2020-03-10T00:00:00Z,109879.61763182
2020-03-11T00:00:00Z,109372.61519777
2020-03-12T00:00:00Z,103743.456867
2020-03-13T00:00:00Z,103743.456867
2020-03-14T00:00:00Z,103743.456867
2020-03-15T00:00:00Z,103743.456867
2020-03-16T00:00:00Z,103743.456867
2020-03-17T00:00:00Z,103743.456867
2020-03-18T00:00:00Z,100543.45541473
2020-03-19T00:00:00Z,97443.45377016
2020-03-20T00:00:00Z,21318.7404241
2020-03-21T00:00:00Z,21318.74043298
2020-03-22T00:00:00Z,21318.74043298
2020-03-23T00:00:00Z,21318.74043298
2020-03-24T00:00:00Z,21318.74043298
2020-03-25T00:00:00Z,21318.74043298
2020-03-26T00:00:00Z,21318.74043298
2020-03-27T00:00:00Z,21318.74043298
2020-03-28T00:00:00Z,21318.74043298
2020-03-29T00:00:00Z,21318.74043298
2020-03-30T00:00:00Z,21318.74043298
2020-03-31T00:00:00Z,21318.74043298
2020-04-01T00:00:00Z,21318.74043298
2020-04-02T00:00:00Z,21318.74043298
2020-04-03T00:00:00Z,21318.74043298
2020-04-04T00:00:00Z,21318.74043298
2020-04-05T00:00:00Z,21318.74043298
2020-04-06T00:00:00Z,21318.74043298
2020-04-07T00:00:00Z,21318.74043298
2020-04-08T00:00:00Z,21318.74043298
2020-04-09T00:00:00Z,21318.74043298
2020-04-10T00:00:00Z,21318.74043298
2020-04-11T00:00:00Z,21318.74043298
2020-04-12T00:00:00Z,21318.74043298
2020-04-13T00:00:00Z,21318.74043298
2020-04-14T00:00:00Z,21318.74043853
2020-04-15T00:00:00Z,21318.74043853
2020-04-16T00:00:00Z,21318.74043853
2020-04-17T00:00:00Z,21318.74043853
2020-04-18T00:00:00Z,21318.74043853
2020-04-19T00:00:00Z,21318.74043853
2020-04-20T00:00:00Z,21318.74043853
2020-04-21T00:00:00Z,21318.740444
2020-04-22T00:00:00Z,21318.740444
2020-04-23T00:00:00Z,21318.740444
2020-04-24T00:00:00Z,21318.740444
2020-04-25T00:00:00Z,31457.06177284
2020-04-26T00:00:00Z,31457.06177284
2020-04-27T00:00:00Z,31457.06177284
2020-04-28T00:00:00Z,31457.06177284
2020-04-29T00:00:00Z,29412.06110051
2020-04-30T00:00:00Z,25412.0600496
2020-05-01T00:00:00Z,35605.90287937
2020-05-02T00:00:00Z,35605.90287937
2020-05-03T00:00:00Z,35605.90287937
2020-05-04T00:00:00Z,35605.90287937
2020-05-05T00:00:00Z,35605.90347937
2020-05-06T00:00:00Z,46142.83060538
2020-05-07T00:00:00Z,46142.83060538
2020-05-08T00:00:00Z,46142.83060538
2020-05-09T00:00:00Z,46142.83060538
2020-05-10T00:00:00Z,46142.83060538
2020-05-11T00:00:00Z,46142.83060538
2020-05-12T00:00:00Z,46142.83060538
2020-05-13T00:00:00Z,46142.83060538
2020-05-14T00:00:00Z,42542.8277727
2020-05-15T00:00:00Z,42542.8277727
2020-05-16T00:00:00Z,42542.8277727
2020-05-17T00:00:00Z,42542.8277727
2020-05-18T00:00:00Z,42542.8277727
2020-05-19T00:00:00Z,42542.8277727
2020-05-20T00:00:00Z,42542.8277727
2020-05-21T00:00:00Z,42542.8277727
2020-05-22T00:00:00Z,42542.8277727
2020-05-23T00:00:00Z,42542.8277727
2020-05-24T00:00:00Z,42542.8277727
2020-05-25T00:00:00Z,42542.8277727
2020-05-26T00:00:00Z,42542.8277727
2020-05-27T00:00:00Z,42542.8277727
2020-05-28T00:00:00Z,42542.8277727
2020-05-29T00:00:00Z,42542.8277727
2020-05-30T00:00:00Z,42542.8277727
2020-05-31T00:00:00Z,42542.8277727
2020-06-01T00:00:00Z,42542.8277727
2020-06-02T00:00:00Z,52881.89201443
2020-06-03T00:00:00Z,52881.89201443
2020-06-04T00:00:00Z,52881.89201443
2020-06-05T00:00:00Z,52881.89201443
2020-06-06T00:00:00Z,52881.89201443
2020-06-07T00:00:00Z,52881.89201443
2020-06-08T00:00:00Z,52881.89201443
2020-06-09T00:00:00Z,52881.89201443
2020-06-10T00:00:00Z,50881.89169941
2020-06-11T00:00:00Z,50881.89169941
2020-06-12T00:00:00Z,50881.89169941
2020-06-13T00:00:00Z,50881.89169941
2020-06-14T00:00:00Z,50881.89170829
2020-06-15T00:00:00Z,50881.89170829
2020-06-16T00:00:00Z,50881.89170829
2020-06-17T00:00:00Z,50881.89170829
2020-06-18T00:00:00Z,60569.89140043
2020-06-19T00:00:00Z,57569.89053166
2020-06-20T00:00:00Z,57569.89053166
2020-06-21T00:00:00Z,57569.89053166
2020-06-22T00:00:00Z,57569.89053166
2020-06-23T00:00:00Z,57569.89053166
2020-06-24T00:00:00Z,57569.89054054
2020-06-25T00:00:00Z,57569.89054054
2020-06-26T00:00:00Z,57569.89054054
2020-06-27T00:00:00Z,57569.89054054
2020-06-28T00:00:00Z,57569.89054054
2020-06-29T00:00:00Z,57569.89054054
2020-06-30T00:00:00Z,57569.89054054
2020-07-01T00:00:00Z,57569.89065024
2020-07-02T00:00:00Z,57569.89065024
2020-07-03T00:00:00Z,57569.89065024
2020-07-04T00:00:00Z,57569.89065024
2020-07-05T00:00:00Z,57569.89065024
2020-07-06T00:00:00Z,57569.89065024
2020-07-07T00:00:00Z,57569.89065024
2020-07-08T00:00:00Z,57569.89065024
2020-07-09T00:00:00Z,68493.44453846
2020-07-10T00:00:00Z,68493.44453846
2020-07-11T00:00:00Z,68493.44453846
2020-07-12T00:00:00Z,68493.44453846
2020-07-13T00:00:00Z,68493.44453846
2020-07-14T00:00:00Z,68493.44453846
2020-07-15T00:00:00Z,68493.44453846
2020-07-16T00:00:00Z,68493.44453846
2020-07-17T00:00:00Z,68493.44453846
2020-07-18T00:00:00Z,68493.44453846
2020-07-19T00:00:00Z,68493.44453846
2020-07-20T00:00:00Z,68493.44453846
2020-07-21T00:00:00Z,68493.44453846
2020-07-22T00:00:00Z,68493.44453846
2020-07-23T00:00:00Z,68493.57523745
2020-07-24T00:00:00Z,68493.57523745
2020-07-25T00:00:00Z,68493.57523745
2020-07-26T00:00:00Z,65493.57303243
2020-07-27T00:00:00Z,65493.57303243
2020-07-28T00:00:00Z,65493.57303243
2020-07-29T00:00:00Z,76171.433236
2020-07-30T00:00:00Z,76171.433236
2020-07-31T00:00:00Z,76171.433236
2020-08-01T00:00:00Z,76171.433236
2020-08-02T00:00:00Z,76171.433236
2020-08-03T00:00:00Z,95059.43189479
2020-08-04T00:00:00Z,95059.43190573
2020-08-05T00:00:00Z,93059.42948393
2020-08-06T00:00:00Z,93059.42948393
2020-08-07T00:00:00Z,93059.42948393
2020-08-08T00:00:00Z,88559.42536231
2020-08-09T00:00:00Z,88559.42536231
2020-08-10T00:00:00Z,88559.42536231
2020-08-11T00:00:00Z,88559.42536231
2020-08-12T00:00:00Z,88559.42536778
2020-08-13T00:00:00Z,88559.42537872
2020-08-14T00:00:00Z,88559.42537872
2020-08-15T00:00:00Z,88559.42537872
2020-08-16T00:00:00Z,88559.42537872
2020-08-17T00:00:00Z,88559.42537872
2020-08-18T00:00:00Z,98871.75806949
2020-08-19T00:00:00Z,98871.75808043
2020-08-20T00:00:00Z,98871.75808043
2020-08-21T00:00:00Z,99860.29072807
2020-08-22T00:00:00Z,99860.29072807
2020-08-23T00:00:00Z,99860.29072807
2020-08-24T00:00:00Z,99860.29072807
2020-08-25T00:00:00Z,99860.29072807
2020-08-26T00:00:00Z,99860.29072807
2020-08-27T00:00:00Z,99860.29073354
2020-08-28T00:00:00Z,99860.29073354
2020-08-29T00:00:00Z,99860.29073354
2020-08-30T00:00:00Z,99860.29074448
2020-08-31T00:00:00Z,99860.29074448
2020-09-01T00:00:00Z,99860.29074448
2020-09-02T00:00:00Z,99860.29074448
2020-09-03T00:00:00Z,99860.29074448
2020-09-04T00:00:00Z,99860.29074448
2020-09-05T00:00:00Z,99860.29074448
2020-09-06T00:00:00Z,99860.29074448
2020-09-07T00:00:00Z,99860.29074448
2020-09-08T00:00:00Z,99860.29074448
2020-09-09T00:00:00Z,99860.29074448
2020-09-10T00:00:00Z,99860.29074448
2020-09-11T00:00:00Z,99860.29074995
2020-09-12T00:00:00Z,99860.2907554201
2020-09-13T00:00:00Z,99860.2907554201
2020-09-14T00:00:00Z,95760.2886498101
2020-09-15T00:00:00Z,95760.2886498101
2020-09-16T00:00:00Z,95760.2886498101
2020-09-17T00:00:00Z,95760.2886498101
2020-09-18T00:00:00Z,95760.2886552801
2020-09-19T00:00:00Z,95760.2886552801
2020-09-20T00:00:00Z,95760.2886552801
2020-09-21T00:00:00Z,95760.2886552801
2020-09-22T00:00:00Z,95760.2886552801
2020-09-23T00:00:00Z,95760.2886552801
2020-09-24T00:00:00Z,95760.2886662201
2020-09-25T00:00:00Z,95760.2886662201
2020-09-26T00:00:00Z,95760.2886739901
2020-09-27T00:00:00Z,95760.2886739901
2020-09-28T00:00:00Z,95760.2886739901
2020-09-29T00:00:00Z,93760.2877047301
2020-09-30T00:00:00Z,93760.2877047301
2020-10-01T00:00:00Z,93760.2877047301
2020-10-02T00:00:00Z,93760.2877047301
2020-10-03T00:00:00Z,93760.2877047301
2020-10-04T00:00:00Z,93760.2877047301
2020-10-05T00:00:00Z,93760.2877047301
2020-10-06T00:00:00Z,93760.2877047301
2020-10-07T00:00:00Z,93760.2877047301
2020-10-08T00:00:00Z,93760.2877047301
2020-10-09T00:00:00Z,93760.2877047301
2020-10-10T00:00:00Z,93760.2877047301
2020-10-11T00:00:00Z,93760.2877102001
2020-10-12T00:00:00Z,93760.2877102001
2020-10-13T00:00:00Z,93760.2877102001
2020-10-14T00:00:00Z,93760.2877102001
2020-10-15T00:00:00Z,93760.2877211401
2020-10-16T00:00:00Z,93760.2877211401
2020-10-17T00:00:00Z,93760.2877211401
2020-10-18T00:00:00Z,93760.2877211401
2020-10-19T00:00:00Z,86760.2858451301
2020-10-20T00:00:00Z,86760.2858451301
2020-10-21T00:00:00Z,86760.2858451301
2020-10-22T00:00:00Z,86760.2858451301
2020-10-23T00:00:00Z,86760.2858451301
2020-10-24T00:00:00Z,86760.2858451301
2020-10-25T00:00:00Z,86760.2858451301
2020-10-26T00:00:00Z,86760.2858451301
2020-10-27T00:00:00Z,85260.2839163501
2020-10-28T00:00:00Z,85260.2839163501
2020-10-29T00:00:00Z,85260.2839163501
2020-10-30T00:00:00Z,85260.2839163501
2020-10-31T00:00:00Z,82437.4127450701
2020-11-01T00:00:00Z,82437.4127450701
2020-11-02T00:00:00Z,82437.4127450701
2020-11-03T00:00:00Z,93861.2477362901
2020-11-04T00:00:00Z,93861.2477362901
2020-11-05T00:00:00Z,102507.77517845
2020-11-06T00:00:00Z,102507.77521733
2020-11-07T00:00:00Z,102507.77521733
2020-11-08T00:00:00Z,102507.77521733
2020-11-09T00:00:00Z,102507.77521733
2020-11-10T00:00:00Z,99007.7709987801
2020-11-11T00:00:00Z,99007.7709987801
2020-11-12T00:00:00Z,99007.7709987801
2020-11-13T00:00:00Z,97007.7696347801
2020-11-14T00:00:00Z,97007.7696347801
2020-11-15T00:00:00Z,97007.7696347801
2020-11-16T00:00:00Z,97007.7696347801
2020-11-17T00:00:00Z,97007.7696347801
2020-11-18T00:00:00Z,97007.7696347801
2020-11-19T00:00:00Z,97007.7696457201
2020-11-20T00:00:00Z,97607.7696457201
2020-11-21T00:00:00Z,97607.7696511901
2020-11-22T00:00:00Z,97607.7696511901
2020-11-23T00:00:00Z,97607.7696511901
2020-11-24T00:00:00Z,97607.7696511901
2020-11-25T00:00:00Z,97607.7696511901
2020-11-26T00:00:00Z,97607.7696511901
2020-11-27T00:00:00Z,110467.71817596
2020-11-28T00:00:00Z,110467.71817596
2020-11-29T00:00:00Z,110467.71817596
2020-11-30T00:00:00Z,110467.71817596
2020-12-01T00:00:00Z,120490.23139918
2020-12-02T00:00:00Z,120490.23139918
2020-12-03T00:00:00Z,120490.23139918
2020-12-04T00:00:00Z,107102.23965171
2020-12-05T00:00:00Z,107102.23965171
2020-12-06T00:00:00Z,107102.23965171
2020-12-07T00:00:00Z,107102.23965171
2020-12-08T00:00:00Z,107102.23966171
2020-12-09T00:00:00Z,107102.23966171
2020-12-10T00:00:00Z,76032.4048642001
2020-12-11T00:00:00Z,76032.4048642001
2020-12-12T00:00:00Z,76032.4048642001
2020-12-13T00:00:00Z,76032.4048642001
2020-12-14T00:00:00Z,76032.4048751401
2020-12-15T00:00:00Z,76032.4048751401
2020-12-16T00:00:00Z,76032.40486967
2020-12-17T00:00:00Z,76032.40486967
2020-12-18T00:00:00Z,76032.40486967
2020-12-19T00:00:00Z,76032.40687514
2020-12-20T00:00:00Z,76032.40687514
2020-12-21T00:00:00Z,76032.40687514
2020-12-22T00:00:00Z,76032.40687514
2020-12-23T00:00:00Z,76032.40687514
2020-12-24T00:00:00Z,76032.40687514
2020-12-25T00:00:00Z,76032.40687514
2020-12-26T00:00:00Z,76032.40687514
2020-12-27T00:00:00Z,76032.40687514
2020-12-28T00:00:00Z,76032.40687514
2020-12-29T00:00:00Z,76032.40687514
2020-12-30T00:00:00Z,76032.40687514
2020-12-31T00:00:00Z,76032.40687514
2021-01-01T00:00:00Z,76032.40687514
2021-01-02T00:00:00Z,76032.40687514
2021-01-03T00:00:00Z,76032.4068806101
2021-01-04T00:00:00Z,76032.4068806101
2021-01-05T00:00:00Z,76032.4068806101
2021-01-06T00:00:00Z,76032.4068860801
2021-01-07T00:00:00Z,76032.4068860801
2021-01-08T00:00:00Z,76032.4068860801
2021-01-09T00:00:00Z,76032.4068860801
2021-01-10T00:00:00Z,76032.4068860801
2021-01-11T00:00:00Z,76032.4068860801
2021-01-12T00:00:00Z,76032.4068860801
2021-01-13T00:00:00Z,76032.4068860801
2021-01-14T00:00:00Z,104482.5946721
2021-01-15T00:00:00Z,104482.5946721
2021-01-16T00:00:00Z,104482.5946721
2021-01-17T00:00:00Z,104482.5946721
2021-01-18T00:00:00Z,104482.59467757
2021-01-19T00:00:00Z,104482.59467757
2021-01-20T00:00:00Z,104482.59467757
2021-01-21T00:00:00Z,104482.59467757
2021-01-22T00:00:00Z,104482.59468304
2021-01-23T00:00:00Z,104482.59468304
2021-01-24T00:00:00Z,104482.59468304
2021-01-25T00:00:00Z,104482.59468304
2021-01-26T00:00:00Z,104482.59468304
2021-01-27T00:00:00Z,104482.59468304
2021-01-28T00:00:00Z,104482.59468304
2021-01-29T00:00:00Z,104482.59468304
2021-01-30T00:00:00Z,104482.59468304
2021-01-31T00:00:00Z,104482.59468304
2021-02-01T00:00:00Z,104482.59468304
2021-02-02T00:00:00Z,104482.59468851
2021-02-03T00:00:00Z,104482.59468851
2021-02-04T00:00:00Z,104482.59468851
2021-02-05T00:00:00Z,106482.59469398
2021-02-06T00:00:00Z,106482.59469398
2021-02-07T00:00:00Z,106482.59472584
2021-02-08T00:00:00Z,106482.59472584
2021-02-09T00:00:00Z,106482.59472584
2021-02-10T00:00:00Z,106482.59472584
2021-02-11T00:00:00Z,106482.59472584
2021-02-12T00:00:00Z,132086.59472584
2021-02-13T00:00:00Z,132086.59472584
2021-02-14T00:00:00Z,132086.59472584
2021-02-15T00:00:00Z,132086.59472584
2021-02-16T00:00:00Z,132086.59472584
2021-02-17T00:00:00Z,132086.59472584
2021-02-18T00:00:00Z,132086.59473131
2021-02-19T00:00:00Z,132086.59473131
2021-02-20T00:00:00Z,132086.59473131
2021-02-21T00:00:00Z,132086.59473678
2021-02-22T00:00:00Z,132086.59473678
2021-02-23T00:00:00Z,140086.59473678
2021-02-24T00:00:00Z,140086.59473678
2021-02-25T00:00:00Z,140086.59473678
2021-02-26T00:00:00Z,140086.59473678
2021-02-27T00:00:00Z,140086.59473678
2021-02-28T00:00:00Z,140086.59473678
2021-03-01T00:00:00Z,140086.59473678
2021-03-02T00:00:00Z,140086.59473678
2021-03-03T00:00:00Z,140086.59483653
2021-03-04T00:00:00Z,140086.59483653
2021-03-05T00:00:00Z,165129.5948627
2021-03-06T00:00:00Z,165129.5948627
2021-03-07T00:00:00Z,165129.5948627
2021-03-08T00:00:00Z,165129.59486817
2021-03-09T00:00:00Z,165129.59486817
2021-03-10T00:00:00Z,165129.59486817
2021-03-11T00:00:00Z,165129.59486817
2021-03-12T00:00:00Z,165129.59486817
2021-03-13T00:00:00Z,165129.59486817
2021-03-14T00:00:00Z,165129.59487385
2021-03-15T00:00:00Z,165129.59487385
2021-03-16T00:00:00Z,165129.59487385
2021-03-17T00:00:00Z,165129.59487385
2021-03-18T00:00:00Z,165129.59487385
2021-03-19T00:00:00Z,165129.59487385
2021-03-20T00:00:00Z,165129.59487932
2021-03-21T00:00:00Z,165129.59487932
2021-03-22T00:00:00Z,165129.59487932
2021-03-23T00:00:00Z,165129.59488479
2021-03-24T00:00:00Z,165129.59489026
2021-03-25T00:00:00Z,165129.59489026
2021-03-26T00:00:00Z,165129.59489026
2021-03-27T00:00:00Z,165129.59499619
2021-03-28T00:00:00Z,165129.59499619
2021-03-29T00:00:00Z,165129.60147686
2021-03-30T00:00:00Z,165129.60147686
2021-03-31T00:00:00Z,165129.60147686
2021-04-01T00:00:00Z,165129.60147686
2021-04-02T00:00:00Z,165129.60147686
2021-04-03T00:00:00Z,165129.60147686
2021-04-04T00:00:00Z,165129.60147686
2021-04-05T00:00:00Z,165129.60148233
2021-04-06T00:00:00Z,191129.60147345
2021-04-07T00:00:00Z,191129.60188698
2021-04-08T00:00:00Z,197129.60189245
2021-04-09T00:00:00Z,197129.60189245
2021-04-10T00:00:00Z,222629.60189245
2021-04-11T00:00:00Z,222629.60189245
2021-04-12T00:00:00Z,222629.60189245
2021-04-13T00:00:00Z,222629.60189245
2021-04-14T00:00:00Z,222629.60189245
2021-04-15T00:00:00Z,222629.60189245
2021-04-16T00:00:00Z,231629.60189245
2021-04-17T00:00:00Z,231629.60189245
2021-04-18T00:00:00Z,240916.18890227
2021-04-19T00:00:00Z,221028.18890227
2021-04-20T00:00:00Z,221028.18890227
2021-04-21T00:00:00Z,221028.18890227
2021-04-22T00:00:00Z,221028.18890227
2021-04-23T00:00:00Z,243028.18909482
2021-04-24T00:00:00Z,243028.18910029
2021-04-25T00:00:00Z,261028.18910576
2021-04-26T00:00:00Z,261028.18910576
2021-04-27T00:00:00Z,261028.18910576
2021-04-28T00:00:00Z,261028.18919744
2021-04-29T00:00:00Z,261028.18919744
2021-04-30T00:00:00Z,261028.18919744
2021-05-01T00:00:00Z,261028.18919744
2021-05-02T00:00:00Z,261028.18919744
2021-05-03T00:00:00Z,265028.18928547
2021-05-04T00:00:00Z,285028.18928547
2021-05-05T00:00:00Z,285028.18928547
2021-05-06T00:00:00Z,285028.18928547
2021-05-07T00:00:00Z,285028.18928547
2021-05-08T00:00:00Z,285028.18928547
2021-05-09T00:00:00Z,285028.18929347
2021-05-10T00:00:00Z,285028.18929894
2021-05-11T00:00:00Z,285028.18930441
2021-05-12T00:00:00Z,309028.18980441
2021-05-13T00:00:00Z,309028.18980441
2021-05-14T00:00:00Z,309028.18980441
2021-05-15T00:00:00Z,309028.18980441
2021-05-16T00:00:00Z,309028.18980441
2021-05-17T00:00:00Z,309028.18980441
2021-05-18T00:00:00Z,309028.18980441
2021-05-19T00:00:00Z,315028.18980441
2021-05-20T00:00:00Z,343028.18980441
2021-05-21T00:00:00Z,343028.18980441
2021-05-22T00:00:00Z,343028.18980441
2021-05-23T00:00:00Z,343028.19044648
2021-05-24T00:00:00Z,343028.19044648
2021-05-25T00:00:00Z,343028.19044648
2021-05-26T00:00:00Z,343028.19044648
2021-05-27T00:00:00Z,343028.19044648
2021-05-28T00:00:00Z,343028.19044648
2021-05-29T00:00:00Z,367028.19306368
2021-05-30T00:00:00Z,367028.19306368
2021-05-31T00:00:00Z,367028.19307918
2021-06-01T00:00:00Z,367028.19307918
2021-06-02T00:00:00Z,367028.19307918
2021-06-03T00:00:00Z,367028.19307918
2021-06-04T00:00:00Z,367028.19307918
2021-06-05T00:00:00Z,367028.19307918
2021-06-06T00:00:00Z,367028.19307918
2021-06-07T00:00:00Z,367028.19307918
2021-06-08T00:00:00Z,367028.19307918
2021-06-09T00:00:00Z,367028.19307918
2021-06-10T00:00:00Z,367028.19307918
2021-06-11T00:00:00Z,367028.19307918
2021-06-12T00:00:00Z,367028.19307918
2021-06-13T00:00:00Z,367028.19307918
2021-06-14T00:00:00Z,367028.19307918
2021-06-15T00:00:00Z,367028.19307918
2021-06-16T00:00:00Z,367028.19307918
2021-06-17T00:00:00Z,367028.19307918
2021-06-18T00:00:00Z,367028.19307918
2021-06-19T00:00:00Z,367028.19307918
2021-06-20T00:00:00Z,367028.19334064
2021-06-21T00:00:00Z,367028.19431583
2021-06-22T00:00:00Z,367028.19431583
2021-06-23T00:00:00Z,367028.19431583
2021-06-24T00:00:00Z,373028.19431583
2021-06-25T00:00:00Z,373028.19431583
2021-06-26T00:00:00Z,373028.19432129
2021-06-27T00:00:00Z,373028.19432129
2021-06-28T00:00:00Z,373028.19432129
2021-06-29T00:00:00Z,373028.19432129
2021-06-30T00:00:00Z,373028.19432129
2021-07-01T00:00:00Z,373028.19432129
2021-07-02T00:00:00Z,373028.19432129
2021-07-03T00:00:00Z,373028.19432129
2021-07-04T00:00:00Z,373028.20050087
2021-07-05T00:00:00Z,373028.20050087
2021-07-06T00:00:00Z,373028.20050087
2021-07-07T00:00:00Z,373028.20050087
2021-07-08T00:00:00Z,373028.20050087
2021-07-09T00:00:00Z,373028.20050087
2021-07-10T00:00:00Z,373028.20050087
2021-07-11T00:00:00Z,373028.20058907
2021-07-12T00:00:00Z,373028.20058907
2021-07-13T00:00:00Z,373028.20058907
2021-07-14T00:00:00Z,373028.20058907
2021-07-15T00:00:00Z,373028.20058907
2021-07-16T00:00:00Z,373028.70058907
2021-07-17T00:00:00Z,373028.70058907
2021-07-18T00:00:00Z,373028.70058907
2021-07-19T00:00:00Z,373028.70058907
2021-07-20T00:00:00Z,373028.70058907
2021-07-21T00:00:00Z,373028.70221282
2021-07-22T00:00:00Z,373028.70221282
2021-07-23T00:00:00Z,373028.70236752
2021-07-24T00:00:00Z,373028.70236752
2021-07-25T00:00:00Z,373028.70246752
2021-07-26T00:00:00Z,382615.33707211
2021-07-27T00:00:00Z,361727.33707211
2021-07-28T00:00:00Z,361727.33707211
2021-07-29T00:00:00Z,361727.33707211
2021-07-30T00:00:00Z,361727.33707211
2021-07-31T00:00:00Z,361727.33707211
2021-08-01T00:00:00Z,361727.33707211
2021-08-02T00:00:00Z,361727.33707211
2021-08-03T00:00:00Z,361727.33707211
2021-08-04T00:00:00Z,361727.33707211
2021-08-05T00:00:00Z,361727.33707211
2021-08-06T00:00:00Z,361727.33707211
2021-08-07T00:00:00Z,361727.33717211
2021-08-08T00:00:00Z,361727.33717211
2021-08-09T00:00:00Z,361727.33717211
2021-08-10T00:00:00Z,361727.33717211
2021-08-11T00:00:00Z,361727.33717211
2021-08-12T00:00:00Z,361727.33717211
2021-08-13T00:00:00Z,361727.33717211
2021-08-14T00:00:00Z,361727.33717211
2021-08-15T00:00:00Z,361727.33717211
2021-08-16T00:00:00Z,361727.33717211
2021-08-17T00:00:00Z,361727.33717211
2021-08-18T00:00:00Z,361727.3372055
2021-08-19T00:00:00Z,361727.3372055
2021-08-20T00:00:00Z,361727.3372055
2021-08-21T00:00:00Z,361727.3372055
2021-08-22T00:00:00Z,361727.3372055
2021-08-23T00:00:00Z,361727.3372055
2021-08-24T00:00:00Z,361727.33744493
2021-08-25T00:00:00Z,361727.33744493
2021-08-26T00:00:00Z,361727.33751786
2021-08-27T00:00:00Z,361727.33751786
2021-08-28T00:00:00Z,361727.33751786
2021-08-29T00:00:00Z,361727.33751786
2021-08-30T00:00:00Z,361727.33751786
2021-08-31T00:00:00Z,361727.33809373
2021-09-01T00:00:00Z,361727.33809373
2021-09-02T00:00:00Z,361727.33889373
2021-09-03T00:00:00Z,361727.33889373
2021-09-04T00:00:00Z,361727.33889373
2021-09-05T00:00:00Z,361727.33889373
2021-09-06T00:00:00Z,361727.33889373
2021-09-07T00:00:00Z,361727.33889373
2021-09-08T00:00:00Z,361727.33889373
2021-09-09T00:00:00Z,361727.34128809
2021-09-10T00:00:00Z,361727.34128809
2021-09-11T00:00:00Z,361727.34128809
2021-09-12T00:00:00Z,361727.34130987
2021-09-13T00:00:00Z,361727.34130987
2021-09-14T00:00:00Z,361727.34130987
2021-09-15T00:00:00Z,361727.34130987
2021-09-16T00:00:00Z,361727.34130987
2021-09-17T00:00:00Z,361727.34130987
2021-09-18T00:00:00Z,361727.34130987
2021-09-19T00:00:00Z,361727.34130987
2021-09-20T00:00:00Z,361727.34130987
2021-09-21T00:00:00Z,361727.34130987
2021-09-22T00:00:00Z,361727.34130987
2021-09-23T00:00:00Z,361727.34130987
2021-09-24T00:00:00Z,361727.34130987
2021-09-25T00:00:00Z,361727.34130987
2021-09-26T00:00:00Z,361727.34130987
2021-09-27T00:00:00Z,361727.34130987
2021-09-28T00:00:00Z,361727.34130987
2021-09-29T00:00:00Z,361727.34130987
2021-09-30T00:00:00Z,361727.34130987
2021-10-01T00:00:00Z,361727.34130987
2021-10-02T00:00:00Z,361727.34130987
2021-10-03T00:00:00Z,361727.34130987
2021-10-04T00:00:00Z,361727.34130987
2021-10-05T00:00:00Z,361727.34405558
2021-10-06T00:00:00Z,361727.34405558
2021-10-07T00:00:00Z,361727.34406587
2021-10-08T00:00:00Z,361727.35356587
2021-10-09T00:00:00Z,361727.35356587
2021-10-10T00:00:00Z,361727.35356587
2021-10-11T00:00:00Z,361727.35356587
2021-10-12T00:00:00Z,361727.35202001
2021-10-13T00:00:00Z,361727.35202001
2021-10-14T00:00:00Z,361727.35202001
2021-10-15T00:00:00Z,361727.35202001
2021-10-16T00:00:00Z,361727.35202001
2021-10-17T00:00:00Z,361727.35202551
2021-10-18T00:00:00Z,361727.35440658
2021-10-19T00:00:00Z,361727.35440658
2021-10-20T00:00:00Z,361727.35440658
2021-10-21T00:00:00Z,361727.35440658
2021-10-22T00:00:00Z,381727.35440111
2021-10-23T00:00:00Z,381727.35440111
2021-10-24T00:00:00Z,402615.35440111
2021-10-25T00:00:00Z,387615.35440111
2021-10-26T00:00:00Z,387615.35440111
2021-10-27T00:00:00Z,387615.35504897
2021-10-28T00:00:00Z,387615.35504897
2021-10-29T00:00:00Z,376726.22164978
2021-10-30T00:00:00Z,376726.22167959
2021-10-31T00:00:00Z,376726.22167959
2021-11-01T00:00:00Z,376726.22167959
2021-11-02T00:00:00Z,376726.22167959
2021-11-03T00:00:00Z,376726.22167959
2021-11-04T00:00:00Z,376726.22167959
2021-11-05T00:00:00Z,376726.22167959
2021-11-06T00:00:00Z,376726.22167959
2021-11-07T00:00:00Z,376726.22167959
2021-11-08T00:00:00Z,376726.22167959
2021-11-09T00:00:00Z,376726.22167959
2021-11-10T00:00:00Z,376726.22169624
2021-11-11T00:00:00Z,376726.22170845
2021-11-12T00:00:00Z,376726.22170845
2021-11-13T00:00:00Z,376726.22170845
2021-11-14T00:00:00Z,376726.22170845
2021-11-15T00:00:00Z,376726.22170845
2021-11-16T00:00:00Z,376726.22170845
2021-11-17T00:00:00Z,381768.9243523
2021-11-18T00:00:00Z,388504.42552989
2021-11-19T00:00:00Z,390925.94492248
2021-11-20T00:00:00Z,396499.20886506
2021-11-21T00:00:00Z,403038.38000002
2021-11-22T00:00:00Z,407263.85577896
2021-11-23T00:00:00Z,407263.85577896
2021-11-24T00:00:00Z,407263.85577896
2021-11-25T00:00:00Z,407263.79603027
2021-11-26T00:00:00Z,398085.71238212
2021-11-27T00:00:00Z,393976.96689239
2021-11-28T00:00:00Z,389025.96650787
2021-11-29T00:00:00Z,379722.47453512
2021-11-30T00:00:00Z,370212.44447252
2021-12-01T00:00:00Z,389662.39188234
2021-12-02T00:00:00Z,416988.31347202
2021-12-03T00:00:00Z,407765.94549521
2021-12-04T00:00:00Z,387550.95592616
2021-12-05T00:00:00Z,374069.8310855
2021-12-06T00:00:00Z,384316.74092582
2021-12-07T00:00:00Z,370062.74532906
2021-12-08T00:00:00Z,366275.68687388
2021-12-09T00:00:00Z,400581.58681103
2021-12-10T00:00:00Z,392674.22381041
2021-12-11T00:00:00Z,387507.30984561
2021-12-12T00:00:00Z,383804.19419912
2021-12-13T00:00:00Z,376706.35046601
2021-12-14T00:00:00Z,368673.63896429
2021-12-15T00:00:00Z,362695.43020988
2021-12-16T00:00:00Z,357283.88990088
2021-12-17T00:00:00Z,379013.86550327
2021-12-18T00:00:00Z,400362.73926599
2021-12-19T00:00:00Z,397465.20015606
2021-12-20T00:00:00Z,392679.6823269
2021-12-21T00:00:00Z,384225.7505183
2021-12-22T00:00:00Z,374846.31469883
2021-12-23T00:00:00Z,385742.01323221
2021-12-24T00:00:00Z,396646.05359469
2021-12-25T00:00:00Z,429046.20214506
2021-12-26T00:00:00Z,427787.35324413
2021-12-27T00:00:00Z,429748.54365067
2021-12-28T00:00:00Z,433061.67060377
2021-12-29T00:00:00Z,428384.83902074
2021-12-30T00:00:00Z,424093.71807867
2021-12-31T00:00:00Z,423322.92227844
2022-01-01T00:00:00Z,422230.83798672
2022-01-02T00:00:00Z,421944.71730486
2022-01-03T00:00:00Z,420110.08642928
2022-01-04T00:00:00Z,436254.05233772
2022-01-05T00:00:00Z,434919.49892989
2022-01-06T00:00:00Z,438293.50199376
2022-01-07T00:00:00Z,438733.03969659
2022-01-08T00:00:00Z,438563.02840045
2022-01-09T00:00:00Z,437825.0739333
2022-01-10T00:00:00Z,435567.21173911
2022-01-11T00:00:00Z,409950.9841565
2022-01-12T00:00:00Z,407459.81789172
2022-01-13T00:00:00Z,407471.25472063
2022-01-14T00:00:00Z,405507.6686021
2022-01-15T00:00:00Z,404425.68090566
2022-01-16T00:00:00Z,402372.946861
2022-01-17T00:00:00Z,409891.22025404
2022-01-18T00:00:00Z,407666.60450205
2022-01-19T00:00:00Z,405783.92985267
2022-01-20T00:00:00Z,412239.66935848
2022-01-21T00:00:00Z,408459.32476579
2022-01-22T00:00:00Z,404753.93850684
2022-01-23T00:00:00Z,403768.31836838
2022-01-24T00:00:00Z,394320.02627072
2022-01-25T00:00:00Z,391528.51813919
2022-01-26T00:00:00Z,393459.59599823
2022-01-27T00:00:00Z,387591.73270331
2022-01-28T00:00:00Z,384926.94201009
2022-01-29T00:00:00Z,417691.84364342
2022-01-30T00:00:00Z,494994.17556508
2022-01-31T00:00:00Z,496411.84212951
2022-02-01T00:00:00Z,496452.20616889
2022-02-02T00:00:00Z,495732.04578521
2022-02-03T00:00:00Z,499101.81335144
2022-02-04T00:00:00Z,498301.35395
2022-02-05T00:00:00Z,498371.12188422
2022-02-06T00:00:00Z,501371.46026442
2022-02-07T00:00:00Z,499475.60397214
2022-02-08T00:00:00Z,497958.14543751
2022-02-09T00:00:00Z,496910.84741395
2022-02-10T00:00:00Z,496818.45561579
2022-02-11T00:00:00Z,495884.87589108
2022-02-12T00:00:00Z,497123.44201374
2022-02-13T00:00:00Z,496591.05705454
2022-02-14T00:00:00Z,495374.40630301
2022-02-15T00:00:00Z,497157.57735656
2022-02-16T00:00:00Z,495063.79071448
2022-02-17T00:00:00Z,493759.33170722
2022-02-18T00:00:00Z,492749.7981697
2022-02-19T00:00:00Z,493580.12508757
2022-02-20T00:00:00Z,492650.09247604
2022-02-21T00:00:00Z,491924.88101422
2022-02-22T00:00:00Z,491483.21640522
2022-02-23T00:00:00Z,490467.60332831
2022-02-24T00:00:00Z,489071.71547786
2022-02-25T00:00:00Z,488905.61125341
2022-02-26T00:00:00Z,488343.35913528
2022-02-27T00:00:00Z,488174.90213944
2022-02-28T00:00:00Z,486256.98593075
2022-03-01T00:00:00Z,485498.73223573
2022-03-02T00:00:00Z,487028.72858614
2022-03-03T00:00:00Z,487963.86839042
2022-03-04T00:00:00Z,488928.27639872
2022-03-05T00:00:00Z,487990.08298209
2022-03-06T00:00:00Z,487095.71455209
2022-03-07T00:00:00Z,487075.79787729
2022-03-08T00:00:00Z,486205.65497223
2022-03-09T00:00:00Z,484477.22387046
2022-03-10T00:00:00Z,483030.46268995
2022-03-11T00:00:00Z,484185.84812778
2022-03-12T00:00:00Z,484114.14175574
2022-03-13T00:00:00Z,483353.46059406
2022-03-14T00:00:00Z,487589.98988208
2022-03-15T00:00:00Z,492957.421421
2022-03-16T00:00:00Z,493126.58004655
2022-03-17T00:00:00Z,492961.83072514
2022-03-18T00:00:00Z,489888.04495073
2022-03-19T00:00:00Z,490320.48379123
2022-03-20T00:00:00Z,489289.25890879
2022-03-21T00:00:00Z,487834.84233344
2022-03-22T00:00:00Z,489307.12908868
2022-03-23T00:00:00Z,485532.92432055
2022-03-24T00:00:00Z,482239.42673869
2022-03-25T00:00:00Z,480207.9529405
2022-03-26T00:00:00Z,479140.64812193
2022-03-27T00:00:00Z,477352.14081757
2022-03-28T00:00:00Z,473911.67447508
2022-03-29T00:00:00Z,474424.74890644
2022-03-30T00:00:00Z,470130.83698139
2022-03-31T00:00:00Z,472790.35721085
2022-04-01T00:00:00Z,471940.39583551
2022-04-02T00:00:00Z,470876.23794074
2022-04-03T00:00:00Z,470822.24755768
2022-04-04T00:00:00Z,471688.33000066
2022-04-05T00:00:00Z,474135.6547061
2022-04-06T00:00:00Z,471721.50505735
2022-04-07T00:00:00Z,471972.75294162
2022-04-08T00:00:00Z,467246.03850287
2022-04-09T00:00:00Z,470914.16948261
2022-04-10T00:00:00Z,467371.96724261
2022-04-11T00:00:00Z,468442.0278346
2022-04-12T00:00:00Z,464553.07184159
2022-04-13T00:00:00Z,457431.14660188
2022-04-14T00:00:00Z,458183.78816755
2022-04-15T00:00:00Z,456536.2595796
2022-04-16T00:00:00Z,457015.48713919
2022-04-17T00:00:00Z,456389.26896576
2022-04-18T00:00:00Z,457172.05504517
2022-04-19T00:00:00Z,453145.20997089
2022-04-20T00:00:00Z,453355.84705566
2022-04-21T00:00:00Z,451986.5599497
2022-04-22T00:00:00Z,452654.47101926
2022-04-23T00:00:00Z,453001.73305642
2022-04-24T00:00:00Z,452083.2341045
2022-04-25T00:00:00Z,459085.47655272
2022-04-26T00:00:00Z,458050.50883002
2022-04-27T00:00:00Z,457865.70026779
2022-04-28T00:00:00Z,457058.71361867
2022-04-29T00:00:00Z,458675.89884398
2022-04-30T00:00:00Z,456768.28537337
2022-05-01T00:00:00Z,453150.02231086
2022-05-02T00:00:00Z,446439.58998767
2022-05-03T00:00:00Z,442348.73594509
2022-05-04T00:00:00Z,447398.27949607
2022-05-05T00:00:00Z,456077.43517645
2022-05-06T00:00:00Z,454958.99941056
2022-05-07T00:00:00Z,457383.45553056
2022-05-08T00:00:00Z,460602.43707703
2022-05-09T00:00:00Z,479914.97705904
2022-05-10T00:00:00Z,485881.18364531
2022-05-11T00:00:00Z,481456.61302113
2022-05-12T00:00:00Z,478498.86941738
2022-05-13T00:00:00Z,487645.17739031
2022-05-14T00:00:00Z,491791.55924712
2022-05-15T00:00:00Z,492441.49383681
2022-05-16T00:00:00Z,490390.31398588
2022-05-17T00:00:00Z,487677.07685136
2022-05-18T00:00:00Z,490161.14432739
2022-05-19T00:00:00Z,488254.80336415
2022-05-20T00:00:00Z,489031.99180685
2022-05-21T00:00:00Z,487781.16455203
2022-05-22T00:00:00Z,486831.80202832
2022-05-23T00:00:00Z,486326.27369746
2022-05-24T00:00:00Z,486273.50937355
2022-05-25T00:00:00Z,489158.31110822
2022-05-26T00:00:00Z,490507.78861197
2022-05-27T00:00:00Z,490494.09243252
2022-05-28T00:00:00Z,487765.72573347
2022-05-29T00:00:00Z,485789.05724624
2022-05-30T00:00:00Z,482598.88335811
2022-05-31T00:00:00Z,467520.32030762
2022-06-01T00:00:00Z,467882.12637929
2022-06-02T00:00:00Z,462787.50724456
2022-06-03T00:00:00Z,459234.41929709
2022-06-04T00:00:00Z,441031.84191191
2022-06-05T00:00:00Z,447294.60095013
2022-06-06T00:00:00Z,443463.70701381
2022-06-07T00:00:00Z,438897.50347609
2022-06-08T00:00:00Z,439266.89354919
2022-06-09T00:00:00Z,437771.01125001
2022-06-10T00:00:00Z,437755.49304039
2022-06-11T00:00:00Z,436847.38321955
2022-06-12T00:00:00Z,435662.15966655
2022-06-13T00:00:00Z,409216.6048624
2022-06-14T00:00:00Z,467811.04721298
2022-06-15T00:00:00Z,500242.97127872
2022-06-16T00:00:00Z,513045.82213517
2022-06-17T00:00:00Z,515616.36579537
2022-06-18T00:00:00Z,531826.38020845
2022-06-19T00:00:00Z,538281.32066595
2022-06-20T00:00:00Z,534810.23815307
2022-06-21T00:00:00Z,531021.27384119
2022-06-22T00:00:00Z,536641.28671797
2022-06-23T00:00:00Z,537278.87306081
2022-06-24T00:00:00Z,533462.5492477
2022-06-25T00:00:00Z,533512.99425095
2022-06-26T00:00:00Z,533218.3169187
2022-06-27T00:00:00Z,533631.58551749
2022-06-28T00:00:00Z,532450.13747507
2022-06-29T00:00:00Z,532673.73147384
2022-06-30T00:00:00Z,532786.02951489
2022-07-01T00:00:00Z,532956.94557463
2022-07-02T00:00:00Z,533515.41105666
2022-07-03T00:00:00Z,534932.01776453
2022-07-04T00:00:00Z,532344.60800603
2022-07-05T00:00:00Z,528382.41357862
2022-07-06T00:00:00Z,526636.79036599
2022-07-07T00:00:00Z,524666.13842356
2022-07-08T00:00:00Z,521340.63472792
2022-07-09T00:00:00Z,522858.88868829
2022-07-10T00:00:00Z,520372.66494383
2022-07-11T00:00:00Z,522115.06480348
2022-07-12T00:00:00Z,527005.52149115
2022-07-13T00:00:00Z,524043.56368043
2022-07-14T00:00:00Z,527186.40831533
2022-07-15T00:00:00Z,528447.15528354
2022-07-16T00:00:00Z,529122.76866488
2022-07-17T00:00:00Z,544193.32902269
2022-07-18T00:00:00Z,540405.85717304
2022-07-19T00:00:00Z,537942.67783309
2022-07-20T00:00:00Z,536808.07450088
2022-07-21T00:00:00Z,539063.8437227
2022-07-22T00:00:00Z,537816.74734914
2022-07-23T00:00:00Z,537262.25264379
2022-07-24T00:00:00Z,537585.67098756
2022-07-25T00:00:00Z,534906.29596591
2022-07-26T00:00:00Z,535573.20148072
2022-07-27T00:00:00Z,532762.38645624
2022-07-28T00:00:00Z,533699.62787649
2022-07-29T00:00:00Z,535340.26460894
2022-07-30T00:00:00Z,537072.20163066
2022-07-31T00:00:00Z,537173.48909171
2022-08-01T00:00:00Z,537030.50805567
2022-08-02T00:00:00Z,538244.87619416
2022-08-03T00:00:00Z,536909.25301142
2022-08-04T00:00:00Z,538887.218770231
2022-08-05T00:00:00Z,535275.430513891
2022-08-06T00:00:00Z,535512.165587111
2022-08-07T00:00:00Z,534930.125186451
2022-08-08T00:00:00Z,534556.820673281
2022-08-09T00:00:00Z,534477.502999611
2022-08-10T00:00:00Z,536783.024306551
2022-08-11T00:00:00Z,534942.309509221
2022-08-12T00:00:00Z,532338.704531741
2022-08-13T00:00:00Z,532266.745082141
2022-08-14T00:00:00Z,528154.161787721
2022-08-15T00:00:00Z,527213.83269921
2022-08-16T00:00:00Z,525156.576147781
2022-08-17T00:00:00Z,532234.84854247
2022-08-18T00:00:00Z,530367.605965641
2022-08-19T00:00:00Z,527011.872637311
2022-08-20T00:00:00Z,526563.282473661
2022-08-21T00:00:00Z,524041.361518511
2022-08-22T00:00:00Z,524281.466195041
2022-08-23T00:00:00Z,524567.191679921
2022-08-24T00:00:00Z,518738.376970641
2022-08-25T00:00:00Z,519892.323634411
2022-08-26T00:00:00Z,521506.943734871
2022-08-27T00:00:00Z,523664.319955911
2022-08-28T00:00:00Z,524420.217209511
2022-08-29T00:00:00Z,521386.344740611
2022-08-30T00:00:00Z,520274.834293651
2022-08-31T00:00:00Z,527583.359049691
2022-09-01T00:00:00Z,527004.282544931
2022-09-02T00:00:00Z,533515.259965471
2022-09-03T00:00:00Z,532502.812478901
2022-09-04T00:00:00Z,530136.781691691
2022-09-05T00:00:00Z,533964.370621101
2022-09-06T00:00:00Z,526510.152927101
2022-09-07T00:00:00Z,522908.268943051
2022-09-08T00:00:00Z,523531.666583091
2022-09-09T00:00:00Z,525151.998330641
2022-09-10T00:00:00Z,526396.884021421
2022-09-11T00:00:00Z,528274.712581941
2022-09-12T00:00:00Z,533123.706018741
2022-09-13T00:00:00Z,533053.583836521
2022-09-14T00:00:00Z,531729.060704231
2022-09-15T00:00:00Z,531408.290270791
2022-09-16T00:00:00Z,531978.077853151
2022-09-17T00:00:00Z,533081.779421771
2022-09-18T00:00:00Z,536841.051345481
2022-09-19T00:00:00Z,532008.141354521
2022-09-20T00:00:00Z,530637.866708831
2022-09-21T00:00:00Z,531476.176642451
2022-09-22T00:00:00Z,534813.465619651
2022-09-23T00:00:00Z,538861.961403151
2022-09-24T00:00:00Z,540756.336213841
2022-09-25T00:00:00Z,539948.227395911
2022-09-26T00:00:00Z,541864.478146621
2022-09-27T00:00:00Z,547474.069631131
2022-09-28T00:00:00Z,554400.343769941
2022-09-29T00:00:00Z,559943.517899631
2022-09-30T00:00:00Z,557565.581571261
2022-10-01T00:00:00Z,551052.887704761
2022-10-02T00:00:00Z,549726.730036811
2022-10-03T00:00:00Z,548901.844778011
2022-10-04T00:00:00Z,542653.600242361
2022-10-05T00:00:00Z,541133.218904701
2022-10-06T00:00:00Z,535506.061502791
2022-10-07T00:00:00Z,538476.822901001
2022-10-08T00:00:00Z,538111.453226411
2022-10-09T00:00:00Z,538347.019383421
2022-10-10T00:00:00Z,539101.746286881
2022-10-11T00:00:00Z,542300.012146221
2022-10-12T00:00:00Z,542790.73023301
2022-10-13T00:00:00Z,541542.03120616
2022-10-14T00:00:00Z,544851.98039498
2022-10-15T00:00:00Z,545384.69090531
2022-10-16T00:00:00Z,544160.50597989
2022-10-17T00:00:00Z,542289.118942161
2022-10-18T00:00:00Z,542060.833016771
2022-10-19T00:00:00Z,544820.739006701
2022-10-20T00:00:00Z,543322.476741991
2022-10-21T00:00:00Z,541110.591113431
2022-10-22T00:00:00Z,541746.949272511
2022-10-23T00:00:00Z,539497.695148921
2022-10-24T00:00:00Z,538580.431355911
2022-10-25T00:00:00Z,532003.544715031
2022-10-26T00:00:00Z,475697.419513021
2022-10-27T00:00:00Z,474705.122509451
2022-10-28T00:00:00Z,473260.076688221
2022-10-29T00:00:00Z,470977.554167941
2022-10-30T00:00:00Z,470460.797183761
2022-10-31T00:00:00Z,475628.664208781
2022-11-01T00:00:00Z,473752.843665441
2022-11-02T00:00:00Z,474728.644499671
2022-11-03T00:00:00Z,476345.055752461
2022-11-04T00:00:00Z,472925.630394831
2022-11-05T00:00:00Z,474108.093177251
2022-11-06T00:00:00Z,475899.667154801
2022-11-07T00:00:00Z,492266.703247381
2022-11-08T00:00:00Z,496316.419685911
2022-11-09T00:00:00Z,475739.946358371
2022-11-10T00:00:00Z,458746.409988151
2022-11-11T00:00:00Z,419999.803181951
2022-11-12T00:00:00Z,415406.799163931
2022-11-13T00:00:00Z,407955.301203281
2022-11-14T00:00:00Z,406999.869939041
2022-11-15T00:00:00Z,424203.747399561
2022-11-16T00:00:00Z,440764.665090841
2022-11-17T00:00:00Z,451493.912906631
2022-11-18T00:00:00Z,535767.563083691
2022-11-19T00:00:00Z,540794.841262151
2022-11-20T00:00:00Z,537216.898031321
2022-11-21T00:00:00Z,539530.678698841
2022-11-22T00:00:00Z,545598.680256811
2022-11-23T00:00:00Z,549133.970125771
2022-11-24T00:00:00Z,548855.935064241
2022-11-25T00:00:00Z,550736.626934301
2022-11-26T00:00:00Z,552793.667272881
2022-11-27T00:00:00Z,555261.844192451
2022-11-28T00:00:00Z,421268.362232101
2022-11-29T00:00:00Z,425276.681076631
2022-11-30T00:00:00Z,425431.582403511
2022-12-01T00:00:00Z,428428.105737531
2022-12-02T00:00:00Z,425857.640222091
2022-12-03T00:00:00Z,426479.334693541
2022-12-04T00:00:00Z,424271.438770831
2022-12-05T00:00:00Z,422286.479926131
2022-12-06T00:00:00Z,423139.502880211
2022-12-07T00:00:00Z,424114.686412111
2022-12-08T00:00:00Z,421805.988297541
2022-12-09T00:00:00Z,417969.036593731
2022-12-10T00:00:00Z,417404.730652371
2022-12-11T00:00:00Z,415887.832031381
2022-12-12T00:00:00Z,406086.792487471
2022-12-13T00:00:00Z,365579.585209021
2022-12-14T00:00:00Z,359350.781457781
2022-12-15T00:00:00Z,355611.270290371
2022-12-16T00:00:00Z,346501.462305021
2022-12-17T00:00:00Z,336488.389367061
2022-12-18T00:00:00Z,335396.074265081
2022-12-19T00:00:00Z,337177.162927971
2022-12-20T00:00:00Z,337596.341934881
2022-12-21T00:00:00Z,338073.901262851
2022-12-22T00:00:00Z,339719.486811441
2022-12-23T00:00:00Z,342544.445630581
2022-12-24T00:00:00Z,341531.497273961
2022-12-25T00:00:00Z,340830.564171511
2022-12-26T00:00:00Z,339665.803947451
2022-12-27T00:00:00Z,343672.764138161
2022-12-28T00:00:00Z,347556.450829241
2022-12-29T00:00:00Z,349953.964340331
2022-12-30T00:00:00Z,348044.849751951
2022-12-31T00:00:00Z,351669.818376051
2023-01-01T00:00:00Z,350839.491793601
2023-01-02T00:00:00Z,358367.686190991
2023-01-03T00:00:00Z,355780.372276321
2023-01-04T00:00:00Z,357491.993502881
2023-01-05T00:00:00Z,354970.251547891
2023-01-06T00:00:00Z,352775.011965121
2023-01-07T00:00:00Z,352163.328022121
2023-01-08T00:00:00Z,352123.595093781
2023-01-09T00:00:00Z,350690.138503541
2023-01-10T00:00:00Z,348990.682920741
2023-01-11T00:00:00Z,346680.578193221
2023-01-12T00:00:00Z,350129.191472241
2023-01-13T00:00:00Z,346844.308993301
2023-01-14T00:00:00Z,351631.612111751
2023-01-15T00:00:00Z,344853.896778751
2023-01-16T00:00:00Z,353202.132898001
2023-01-17T00:00:00Z,352999.361152601
2023-01-18T00:00:00Z,354191.566800131
2023-01-19T00:00:00Z,364642.227207461
2023-01-20T00:00:00Z,350753.773109521
2023-01-21T00:00:00Z,355397.671102531
2023-01-22T00:00:00Z,356051.189357461
2023-01-23T00:00:00Z,357155.436945821
2023-01-24T00:00:00Z,354458.460935061
2023-01-25T00:00:00Z,353778.648964591
2023-01-26T00:00:00Z,354620.968387941
2023-01-27T00:00:00Z,354034.164024401
2023-01-28T00:00:00Z,355190.950776091
2023-01-29T00:00:00Z,354533.169538661
2023-01-30T00:00:00Z,361948.128185861
2023-01-31T00:00:00Z,361879.675551021
2023-02-01T00:00:00Z,361145.651005161
2023-02-02T00:00:00Z,359277.712168591
2023-02-03T00:00:00Z,357567.508659181
2023-02-04T00:00:00Z,357417.684797271
2023-02-05T00:00:00Z,357803.993632251
2023-02-06T00:00:00Z,357406.857700001
2023-02-07T00:00:00Z,356557.661933861
2023-02-08T00:00:00Z,356352.435654591
2023-02-09T00:00:00Z,354572.744924301
2023-02-10T00:00:00Z,362745.833558831
2023-02-11T00:00:00Z,364334.071162801
2023-02-12T00:00:00Z,363164.676562461
2023-02-13T00:00:00Z,358218.338297361
2023-02-14T00:00:00Z,353833.314238981
2023-02-15T00:00:00Z,358201.576603331
2023-02-16T00:00:00Z,363970.848464281
2023-02-17T00:00:00Z,362783.606812011
2023-02-18T00:00:00Z,364565.040811021
2023-02-19T00:00:00Z,364259.809016411
2023-02-20T00:00:00Z,365508.455090411
2023-02-21T00:00:00Z,368673.024156471
2023-02-22T00:00:00Z,369019.225063331
2023-02-23T00:00:00Z,366763.227501401
2023-02-24T00:00:00Z,368612.389206811
2023-02-25T00:00:00Z,369659.673816071
2023-02-26T00:00:00Z,370126.526045181
2023-02-27T00:00:00Z,370012.908646651
2023-02-28T00:00:00Z,370502.327300421
2023-03-01T00:00:00Z,370255.205607861
2023-03-02T00:00:00Z,370391.427770641
2023-03-03T00:00:00Z,367581.944541931
2023-03-04T00:00:00Z,368872.278777131
2023-03-05T00:00:00Z,370884.353890051
2023-03-06T00:00:00Z,373383.584422201
2023-03-07T00:00:00Z,375743.313080321
2023-03-08T00:00:00Z,367005.361717001
2023-03-09T00:00:00Z,370245.605205421
2023-03-10T00:00:00Z,363012.681011791
2023-03-11T00:00:00Z,355757.399134081
2023-03-12T00:00:00Z,359113.282133751
2023-03-13T00:00:00Z,382353.959527281
2023-03-14T00:00:00Z,391002.718255441
2023-03-15T00:00:00Z,394137.997732651
